group,cell,dataset,method,mechanism,cert_r2_at_rest,cert_r2_at_rest_source,cert_r2_attacked,cert_r2_attacked_source,tier1_max,tier1_source,fails_bar
existing,adult/sex,adult,noise σ=0.0,noise,0.034942350219597684,noise_channel_test.json:rows.baseline_linear_r2,0.10362235128290258,honest_reaudit.json:master.old_r2,0.6864483333483946,"honest_reaudit.json:master.max(xgb_auc,mlp_auc)",1
existing,adult/sex,adult,noise σ=0.25,noise,0.03424629960037798,noise_channel_test.json:rows.baseline_linear_r2,0.08679373104123116,honest_reaudit.json:master.old_r2,0.6748245458138835,"honest_reaudit.json:master.max(xgb_auc,mlp_auc)",1
existing,adult/sex,adult,noise σ=0.5,noise,0.03334182558193653,noise_channel_test.json:rows.baseline_linear_r2,0.06760507510877152,honest_reaudit.json:master.old_r2,0.6460940797244276,"honest_reaudit.json:master.max(xgb_auc,mlp_auc)",1
existing,adult/sex,adult,noise σ=1.0,noise,0.031348252774085233,noise_channel_test.json:rows.baseline_linear_r2,0.046498277435005175,honest_reaudit.json:master.old_r2,0.5988653254198634,"honest_reaudit.json:master.max(xgb_auc,mlp_auc)",1
existing,adult/sex,adult,noise σ=2.0,noise,0.026102732614599444,noise_channel_test.json:rows.baseline_linear_r2,0.03407683904947483,honest_reaudit.json:master.old_r2,0.5619793230308282,"honest_reaudit.json:master.max(xgb_auc,mlp_auc)",1
existing,adult/sex,adult,noise σ=4.0,noise,0.016417621216267237,noise_channel_test.json:rows.baseline_linear_r2,0.025632875760627487,honest_reaudit.json:master.old_r2,0.5464629359830271,"honest_reaudit.json:master.max(xgb_auc,mlp_auc)",0
existing,adult/sex,adult,noise σ=8.0,noise,0.008000065902960079,noise_channel_test.json:rows.baseline_linear_r2,0.009835344033815476,honest_reaudit.json:master.old_r2,0.5182041353268958,"honest_reaudit.json:master.max(xgb_auc,mlp_auc)",0
existing,adult/sex,adult,noise sigma=1.0,noise,0.031348252774085233,noise_channel_test.json:rows.baseline_linear_r2,0.046498277435005175,honest_reaudit.json:master.old_r2,0.5988653254198634,"honest_reaudit.json:master.max(xgb_auc,mlp_auc)",1
existing,adult/sex,adult,noise sigma=2.0,noise,0.026102732614599444,noise_channel_test.json:rows.baseline_linear_r2,0.03407683904947483,honest_reaudit.json:master.old_r2,0.5619793230308282,"honest_reaudit.json:master.max(xgb_auc,mlp_auc)",1
existing,adult/sex,adult,noise sigma=8.0,noise,0.008000065902960079,noise_channel_test.json:rows.baseline_linear_r2,0.009835344033815476,honest_reaudit.json:master.old_r2,0.5182041353268958,"honest_reaudit.json:master.max(xgb_auc,mlp_auc)",0
existing,adult/sex,adult,LEOPARD-MMD proj r=1,projection,,,0.035554092358041,honest_reaudit.json:master.old_r2,0.6816733170070323,"honest_reaudit.json:master.max(xgb_auc,mlp_auc)",1
existing,adult/sex,adult,LEOPARD-MMD proj r=2,projection,,,0.03606298785020764,honest_reaudit.json:master.old_r2,0.6809255093267091,"honest_reaudit.json:master.max(xgb_auc,mlp_auc)",1
existing,adult/sex,adult,LEOPARD-MMD proj r=4,projection,,,0.0358603263043058,honest_reaudit.json:master.old_r2,0.6811647935599804,"honest_reaudit.json:master.max(xgb_auc,mlp_auc)",1
existing,adult/sex,adult,LEOPARD-MMD proj r=8,projection,,,0.036008826399114104,honest_reaudit.json:master.old_r2,0.681069824557528,"honest_reaudit.json:master.max(xgb_auc,mlp_auc)",1
existing,adult/sex,adult,LEOPARD-MMD proj r=16,projection,,,0.035823300933753854,honest_reaudit.json:master.old_r2,0.6805168288419271,"honest_reaudit.json:master.max(xgb_auc,mlp_auc)",1
existing,adult/sex,adult,HSIC proj r=1,projection,,,0.035918474471056006,honest_reaudit.json:master.old_r2,0.6817388539860373,"honest_reaudit.json:master.max(xgb_auc,mlp_auc)",1
existing,adult/sex,adult,HSIC proj r=4,projection,,,0.036080297187518894,honest_reaudit.json:master.old_r2,0.6821287498531537,"honest_reaudit.json:master.max(xgb_auc,mlp_auc)",1
existing,adult/sex,adult,HSIC proj r=8,projection,,,0.03611843410748924,honest_reaudit.json:master.old_r2,0.6833293965125709,"honest_reaudit.json:master.max(xgb_auc,mlp_auc)",1
existing,adult/sex,adult,HSIC proj r=16,projection,,,0.03677960214511459,honest_reaudit.json:master.old_r2,0.6813720937393422,"honest_reaudit.json:master.max(xgb_auc,mlp_auc)",1
existing,adult/sex,adult,HSIC proj r=32,projection,,,0.03466505804187373,honest_reaudit.json:master.old_r2,0.6831726976585246,"honest_reaudit.json:master.max(xgb_auc,mlp_auc)",1
existing,hmda/race,hmda,noise sigma=8.0,noise,,,0.005115831896396093,honest_reaudit.json:master.old_r2,0.5511466989684012,"honest_reaudit.json:master.max(xgb_auc,mlp_auc)",1
new,diabetes_hospital/gender/readmit_30_days,diabetes_hospital,noise σ=8,noise,0.015259112603704762,expansion_reaudit_paperframing.json:rows.at_rest_linear_r2,0.01416713097790256,expansion_reaudit_paperframing.json:rows.attacked_linear_r2,0.5511752067032744,expansion_reaudit_paperframing.json:rows.tier1_max,1
new,diabetes_hospital/gender/readmit_30_days,diabetes_hospital,LEOPARD-MMD proj r=1,projection,0.01119017486390017,expansion_reaudit_paperframing.json:rows.at_rest_linear_r2,0.4194006943787641,expansion_reaudit_paperframing.json:rows.attacked_linear_r2,0.9957100161177374,expansion_reaudit_paperframing.json:rows.tier1_max,1
new,diabetes_hospital/gender/readmit_30_days,diabetes_hospital,LEOPARD-MMD proj r=8,projection,0.013143464157435947,expansion_reaudit_paperframing.json:rows.at_rest_linear_r2,0.3188476311613642,expansion_reaudit_paperframing.json:rows.attacked_linear_r2,0.985352553009557,expansion_reaudit_paperframing.json:rows.tier1_max,1
new,diabetes_hospital/gender/readmit_30_days,diabetes_hospital,LEOPARD-MMD proj r=16,projection,0.01537849855523743,expansion_reaudit_paperframing.json:rows.at_rest_linear_r2,0.18333639611357477,expansion_reaudit_paperframing.json:rows.attacked_linear_r2,0.9611874460782589,expansion_reaudit_paperframing.json:rows.tier1_max,1
new,diabetes_hospital/gender/readmit_30_days,diabetes_hospital,HSIC proj r=1,projection,0.011121825649333283,expansion_reaudit_paperframing.json:rows.at_rest_linear_r2,0.4181392027483741,expansion_reaudit_paperframing.json:rows.attacked_linear_r2,0.9950793381148307,expansion_reaudit_paperframing.json:rows.tier1_max,1
new,diabetes_hospital/gender/readmit_30_days,diabetes_hospital,HSIC proj r=8,projection,0.013170986206572421,expansion_reaudit_paperframing.json:rows.at_rest_linear_r2,0.31929852306190754,expansion_reaudit_paperframing.json:rows.attacked_linear_r2,0.9847885690102282,expansion_reaudit_paperframing.json:rows.tier1_max,1
new,diabetes_hospital/gender/readmit_30_days,diabetes_hospital,HSIC proj r=16,projection,0.015401839781756022,expansion_reaudit_paperframing.json:rows.at_rest_linear_r2,0.1780114945241248,expansion_reaudit_paperframing.json:rows.attacked_linear_r2,0.9635351668068118,expansion_reaudit_paperframing.json:rows.tier1_max,1
new,diabetes_hospital/race/readmit_30_days,diabetes_hospital,noise σ=8,noise,0.009372407915596325,expansion_reaudit_paperframing.json:rows.at_rest_linear_r2,0.0074386732317198,expansion_reaudit_paperframing.json:rows.attacked_linear_r2,0.5426408652166611,expansion_reaudit_paperframing.json:rows.tier1_max,0
new,diabetes_hospital/race/readmit_30_days,diabetes_hospital,LEOPARD-MMD proj r=1,projection,0.009128164191122834,expansion_reaudit_paperframing.json:rows.at_rest_linear_r2,0.24402250673814874,expansion_reaudit_paperframing.json:rows.attacked_linear_r2,0.9905837773828328,expansion_reaudit_paperframing.json:rows.tier1_max,1
new,diabetes_hospital/race/readmit_30_days,diabetes_hospital,LEOPARD-MMD proj r=8,projection,0.01345695546735104,expansion_reaudit_paperframing.json:rows.at_rest_linear_r2,0.12405099174872851,expansion_reaudit_paperframing.json:rows.attacked_linear_r2,0.9639001140838358,expansion_reaudit_paperframing.json:rows.tier1_max,1
new,diabetes_hospital/race/readmit_30_days,diabetes_hospital,LEOPARD-MMD proj r=16,projection,0.012413642457332008,expansion_reaudit_paperframing.json:rows.at_rest_linear_r2,0.05145272026591252,expansion_reaudit_paperframing.json:rows.attacked_linear_r2,0.9250118123925741,expansion_reaudit_paperframing.json:rows.tier1_max,1
new,diabetes_hospital/race/readmit_30_days,diabetes_hospital,HSIC proj r=1,projection,0.00912747155433924,expansion_reaudit_paperframing.json:rows.at_rest_linear_r2,0.2377102211365123,expansion_reaudit_paperframing.json:rows.attacked_linear_r2,0.9911066702111052,expansion_reaudit_paperframing.json:rows.tier1_max,1
new,diabetes_hospital/race/readmit_30_days,diabetes_hospital,HSIC proj r=8,projection,0.013440053311959854,expansion_reaudit_paperframing.json:rows.at_rest_linear_r2,0.12025448292185414,expansion_reaudit_paperframing.json:rows.attacked_linear_r2,0.9653309294942488,expansion_reaudit_paperframing.json:rows.tier1_max,1
new,diabetes_hospital/race/readmit_30_days,diabetes_hospital,HSIC proj r=16,projection,0.01243223069535837,expansion_reaudit_paperframing.json:rows.at_rest_linear_r2,0.051883245194511894,expansion_reaudit_paperframing.json:rows.attacked_linear_r2,0.9302612520911243,expansion_reaudit_paperframing.json:rows.tier1_max,1
new,folktables/race/employment,folktables,noise σ=2,noise,0.0220666755156107,expansion_reaudit_paperframing.json:rows.at_rest_linear_r2,0.021388152769043673,expansion_reaudit_paperframing.json:rows.attacked_linear_r2,0.570050058417425,expansion_reaudit_paperframing.json:rows.tier1_max,1
new,folktables/race/employment,folktables,noise σ=8,noise,0.003661783146280029,expansion_reaudit_paperframing.json:rows.at_rest_linear_r2,0.002705070038442238,expansion_reaudit_paperframing.json:rows.attacked_linear_r2,0.5101997986562962,expansion_reaudit_paperframing.json:rows.tier1_max,0
new,folktables/race/employment,folktables,LEOPARD-MMD proj r=8,projection,0.023253152766885776,expansion_reaudit_paperframing.json:rows.at_rest_linear_r2,0.3418932941421257,expansion_reaudit_paperframing.json:rows.attacked_linear_r2,0.9960952171838796,expansion_reaudit_paperframing.json:rows.tier1_max,1
new,folktables/race/employment,folktables,LEOPARD-MMD proj r=16,projection,0.027785954549669034,expansion_reaudit_paperframing.json:rows.at_rest_linear_r2,0.1930699729433495,expansion_reaudit_paperframing.json:rows.attacked_linear_r2,0.99241395375495,expansion_reaudit_paperframing.json:rows.tier1_max,1
new,folktables/race/employment,folktables,HSIC proj r=8,projection,0.023330516002652457,expansion_reaudit_paperframing.json:rows.at_rest_linear_r2,0.3397950742345843,expansion_reaudit_paperframing.json:rows.attacked_linear_r2,0.9957618256612532,expansion_reaudit_paperframing.json:rows.tier1_max,1
new,folktables/race/employment,folktables,HSIC proj r=16,projection,0.02775861900889165,expansion_reaudit_paperframing.json:rows.at_rest_linear_r2,0.19542540448111145,expansion_reaudit_paperframing.json:rows.attacked_linear_r2,0.9935621953851452,expansion_reaudit_paperframing.json:rows.tier1_max,1
new,lawschool/sex/pass_bar,lawschool,noise σ=8,noise,0.018563728486660103,expansion_reaudit_paperframing.json:rows.at_rest_linear_r2,0.016959538226472167,expansion_reaudit_paperframing.json:rows.attacked_linear_r2,0.539204051900306,expansion_reaudit_paperframing.json:rows.tier1_max,0
new,lawschool/sex/pass_bar,lawschool,LEOPARD-MMD proj r=8,projection,0.03512865491679373,expansion_reaudit_paperframing.json:rows.at_rest_linear_r2,0.6084634488991646,expansion_reaudit_paperframing.json:rows.attacked_linear_r2,0.9993277600148622,expansion_reaudit_paperframing.json:rows.tier1_max,1
new,lawschool/sex/pass_bar,lawschool,LEOPARD-MMD proj r=16,projection,0.04545206536275059,expansion_reaudit_paperframing.json:rows.at_rest_linear_r2,0.4212700257640336,expansion_reaudit_paperframing.json:rows.attacked_linear_r2,0.9945632571646476,expansion_reaudit_paperframing.json:rows.tier1_max,1
new,lawschool/sex/pass_bar,lawschool,HSIC proj r=8,projection,0.03514155923004847,expansion_reaudit_paperframing.json:rows.at_rest_linear_r2,0.6154878240849583,expansion_reaudit_paperframing.json:rows.attacked_linear_r2,0.9991851612840144,expansion_reaudit_paperframing.json:rows.tier1_max,1
new,lawschool/sex/pass_bar,lawschool,HSIC proj r=16,projection,0.04545089265572033,expansion_reaudit_paperframing.json:rows.at_rest_linear_r2,0.43137708363154587,expansion_reaudit_paperframing.json:rows.attacked_linear_r2,0.9943245235790483,expansion_reaudit_paperframing.json:rows.tier1_max,1
new,folktables/race/public_coverage,folktables,noise σ=8,noise,0.012880515419029792,expansion_reaudit_paperframing.json:rows.at_rest_linear_r2,0.011737827201969643,expansion_reaudit_paperframing.json:rows.attacked_linear_r2,0.5445893222238636,expansion_reaudit_paperframing.json:rows.tier1_max,0
new,folktables/race/public_coverage,folktables,LEOPARD-MMD proj r=1,projection,0.025078794299283058,expansion_reaudit_paperframing.json:rows.at_rest_linear_r2,0.7122081030951944,expansion_reaudit_paperframing.json:rows.attacked_linear_r2,0.9994231898165021,expansion_reaudit_paperframing.json:rows.tier1_max,1
new,folktables/race/public_coverage,folktables,LEOPARD-MMD proj r=8,projection,0.014067666379620758,expansion_reaudit_paperframing.json:rows.at_rest_linear_r2,0.40346345330306593,expansion_reaudit_paperframing.json:rows.attacked_linear_r2,0.9952533666869936,expansion_reaudit_paperframing.json:rows.tier1_max,1
new,folktables/race/public_coverage,folktables,LEOPARD-MMD proj r=16,projection,0.018835669244152364,expansion_reaudit_paperframing.json:rows.at_rest_linear_r2,0.2428322251414671,expansion_reaudit_paperframing.json:rows.attacked_linear_r2,0.9899721391175996,expansion_reaudit_paperframing.json:rows.tier1_max,1
new,folktables/race/public_coverage,folktables,HSIC proj r=1,projection,0.025092349444860607,expansion_reaudit_paperframing.json:rows.at_rest_linear_r2,0.712144475007945,expansion_reaudit_paperframing.json:rows.attacked_linear_r2,0.9994246684301035,expansion_reaudit_paperframing.json:rows.tier1_max,1
new,folktables/race/public_coverage,folktables,HSIC proj r=8,projection,0.014012967236902818,expansion_reaudit_paperframing.json:rows.at_rest_linear_r2,0.40845760429018707,expansion_reaudit_paperframing.json:rows.attacked_linear_r2,0.996190391284431,expansion_reaudit_paperframing.json:rows.tier1_max,1
new,folktables/race/public_coverage,folktables,HSIC proj r=16,projection,0.0188460470911036,expansion_reaudit_paperframing.json:rows.at_rest_linear_r2,0.2348983000600742,expansion_reaudit_paperframing.json:rows.attacked_linear_r2,0.9910084843029505,expansion_reaudit_paperframing.json:rows.tier1_max,1
new,folktables/race/income,folktables,noise σ=8,noise,0.008843665180197502,expansion_reaudit_paperframing.json:rows.at_rest_linear_r2,0.0076930384796386544,expansion_reaudit_paperframing.json:rows.attacked_linear_r2,0.5314903170790481,expansion_reaudit_paperframing.json:rows.tier1_max,0
new,folktables/race/income,folktables,LEOPARD-MMD proj r=1,projection,0.025299255879700944,expansion_reaudit_paperframing.json:rows.at_rest_linear_r2,0.4576150721491743,expansion_reaudit_paperframing.json:rows.attacked_linear_r2,0.9959718049891583,expansion_reaudit_paperframing.json:rows.tier1_max,1
new,folktables/race/income,folktables,LEOPARD-MMD proj r=8,projection,0.012622547282621133,expansion_reaudit_paperframing.json:rows.at_rest_linear_r2,0.18434621349058078,expansion_reaudit_paperframing.json:rows.attacked_linear_r2,0.9702106013710857,expansion_reaudit_paperframing.json:rows.tier1_max,1
new,folktables/race/income,folktables,LEOPARD-MMD proj r=16,projection,0.014001552672716744,expansion_reaudit_paperframing.json:rows.at_rest_linear_r2,0.1460236144781829,expansion_reaudit_paperframing.json:rows.attacked_linear_r2,0.9514925065795508,expansion_reaudit_paperframing.json:rows.tier1_max,1
new,folktables/race/income,folktables,HSIC proj r=1,projection,0.025273156427861654,expansion_reaudit_paperframing.json:rows.at_rest_linear_r2,0.4590017451946213,expansion_reaudit_paperframing.json:rows.attacked_linear_r2,0.9965187657696019,expansion_reaudit_paperframing.json:rows.tier1_max,1
new,folktables/race/income,folktables,HSIC proj r=8,projection,0.012595087298990948,expansion_reaudit_paperframing.json:rows.at_rest_linear_r2,0.18298317130725839,expansion_reaudit_paperframing.json:rows.attacked_linear_r2,0.9708470544375268,expansion_reaudit_paperframing.json:rows.tier1_max,1
new,folktables/race/income,folktables,HSIC proj r=16,projection,0.013992114862517058,expansion_reaudit_paperframing.json:rows.at_rest_linear_r2,0.13857634309636205,expansion_reaudit_paperframing.json:rows.attacked_linear_r2,0.9522756629598591,expansion_reaudit_paperframing.json:rows.tier1_max,1
new,folktables/sex/income,folktables,noise σ=8,noise,0.021841303991900807,expansion_reaudit_paperframing.json:rows.at_rest_linear_r2,0.019873493945917434,expansion_reaudit_paperframing.json:rows.attacked_linear_r2,0.553487874270007,expansion_reaudit_paperframing.json:rows.tier1_max,1
new,folktables/sex/income,folktables,LEOPARD-MMD proj r=1,projection,0.02195968800128989,expansion_reaudit_paperframing.json:rows.at_rest_linear_r2,0.5506129771627778,expansion_reaudit_paperframing.json:rows.attacked_linear_r2,0.9952846378093554,expansion_reaudit_paperframing.json:rows.tier1_max,1
new,folktables/sex/income,folktables,LEOPARD-MMD proj r=8,projection,0.02594993424734504,expansion_reaudit_paperframing.json:rows.at_rest_linear_r2,0.3308831872177183,expansion_reaudit_paperframing.json:rows.attacked_linear_r2,0.979877292225456,expansion_reaudit_paperframing.json:rows.tier1_max,1
new,folktables/sex/income,folktables,LEOPARD-MMD proj r=16,projection,0.022858823577271647,expansion_reaudit_paperframing.json:rows.at_rest_linear_r2,0.15908282155557887,expansion_reaudit_paperframing.json:rows.attacked_linear_r2,0.9610220317582606,expansion_reaudit_paperframing.json:rows.tier1_max,1
new,folktables/sex/income,folktables,HSIC proj r=1,projection,0.021766035049048504,expansion_reaudit_paperframing.json:rows.at_rest_linear_r2,0.5512153657106663,expansion_reaudit_paperframing.json:rows.attacked_linear_r2,0.9948135605109476,expansion_reaudit_paperframing.json:rows.tier1_max,1
new,folktables/sex/income,folktables,HSIC proj r=8,projection,0.025968163973419833,expansion_reaudit_paperframing.json:rows.at_rest_linear_r2,0.33344010252085426,expansion_reaudit_paperframing.json:rows.attacked_linear_r2,0.980955559597862,expansion_reaudit_paperframing.json:rows.tier1_max,1
new,folktables/sex/income,folktables,HSIC proj r=16,projection,0.02282245769068214,expansion_reaudit_paperframing.json:rows.at_rest_linear_r2,0.162373228669205,expansion_reaudit_paperframing.json:rows.attacked_linear_r2,0.9593087002320759,expansion_reaudit_paperframing.json:rows.tier1_max,1
